mean,std
0.4881884,0.22578594
0.45490944,0.2207457
0.4174159,0.22115551
